31,42,801,247,272,38,18,88,602,63,199,70,113,38,1619,1664,429,89,408,527,88,778,39,60,730,318,852,23,15,87,1849,1646,175,26,27,395,641,600,154,376,315,308,267,732,12,58,24,1353,892,237,41,67,825,625,758,155,678,120,383,767,36,26,704,953,37,665,253,43,599,463,492,226,13,526,946,85,66,46,330,408,1253,286,54,840,65,36,287,42,707,833,536,569,17,90,87,77,833,1886,239,68,850,585,303,376,578,17,253,43,422,1833,811,799,906,67,329,47,608,1328,458,339,297,954,387,565,1356,1729,503,25,223,488,906,505,333,933,75,538,848,404,863,639,40,558,13,57,74,334,707,585,49,218,68,259,197,119,1272,51,171,741,319,43,1143,893,572,53,164,45,1920,214,678,37,378,162,200,31,651,657,869,14,530,644,1035,471,666,414,1843,409,687,63,889,790,33,867,1321,95,307,304,670,500,93,520,1808,68,861,40,685,85,1330,1073,676,575,125,1597,909,469,737,82,431,79,1902,64,822,15,878,120,229,563,51,585,599,64,151,858,357,467,13,900,806,555,724,884,92,763,575,361,625,311,552,858,1402,634,546,41,1520,14,361,1458,629,85,114,1529,86,49,95,1222,16,714,1674,473,22,879,617,487,290,13,789,755,417,82,90,862,359,74,1153,383,80,773,544,22,525,1094,473,171,51,865,888,635,87,144,882,23
0.6,0.6,0.3,0.4,0.4,0.6,0.6,0.6,0.3,0.6,0.6,0.6,0.6,0.6,0.2,0.2,0.4,0.6,0.4,0.3,0.6,0.3,0.6,0.6,0.3,0.4,0.3,0.6,0.6,0.6,0.2,0.2,0.6,0.6,0.6,0.4,0.3,0.3,0.6,0.4,0.4,0.4,0.4,0.3,0.6,0.6,0.6,0.2,0.3,0.4,0.6,0.6,0.3,0.3,0.3,0.6,0.3,0.6,0.4,0.3,0.6,0.6,0.3,0.3,0.6,0.3,0.4,0.6,0.3,0.4,0.4,0.4,0.6,0.3,0.3,0.6,0.6,0.6,0.4,0.4,0.2,0.4,0.6,0.3,0.6,0.6,0.4,0.6,0.3,0.3,0.3,0.3,0.6,0.6,0.6,0.6,0.3,0.2,0.4,0.6,0.3,0.3,0.4,0.4,0.3,0.6,0.4,0.6,0.4,0.2,0.3,0.3,0.3,0.6,0.4,0.6,0.3,0.2,0.4,0.4,0.4,0.3,0.4,0.3,0.2,0.2,0.3,0.6,0.4,0.4,0.3,0.3,0.4,0.3,0.6,0.3,0.3,0.4,0.3,0.3,0.6,0.3,0.6,0.6,0.6,0.4,0.3,0.3,0.6,0.4,0.6,0.4,0.6,0.6,0.2,0.6,0.6,0.3,0.4,0.6,0.2,0.3,0.3,0.6,0.6,0.6,0.2,0.4,0.3,0.6,0.4,0.6,0.4,0.6,0.3,0.3,0.3,0.6,0.3,0.3,0.2,0.4,0.3,0.4,0.2,0.4,0.3,0.6,0.3,0.3,0.6,0.3,0.2,0.6,0.4,0.4,0.3,0.3,0.6,0.3,0.2,0.6,0.3,0.6,0.3,0.6,0.2,0.2,0.3,0.3,0.6,0.2,0.3,0.4,0.3,0.6,0.4,0.6,0.2,0.6,0.3,0.6,0.3,0.6,0.4,0.3,0.6,0.3,0.3,0.6,0.6,0.3,0.4,0.4,0.6,0.3,0.3,0.3,0.3,0.3,0.6,0.3,0.3,0.4,0.3,0.4,0.3,0.3,0.2,0.3,0.3,0.6,0.2,0.6,0.4,0.2,0.3,0.6,0.6,0.2,0.6,0.6,0.6,0.2,0.6,0.3,0.2,0.4,0.6,0.3,0.3,0.4,0.4,0.6,0.3,0.3,0.4,0.6,0.6,0.3,0.4,0.6,0.2,0.4,0.6,0.3,0.3,0.6,0.3,0.2,0.4,0.6,0.6,0.3,0.3,0.3,0.6,0.6,0.3,0.6
0.8,0.8,0.5,0.6,0.6,0.8,0.8,0.8,0.5,0.8,0.8,0.8,0.8,0.8,0.4,0.4,0.6,0.8,0.6,0.5,0.8,0.5,0.8,0.8,0.5,0.6,0.5,0.8,0.8,0.8,0.4,0.4,0.8,0.8,0.8,0.6,0.5,0.5,0.8,0.6,0.6,0.6,0.6,0.5,0.8,0.8,0.8,0.4,0.5,0.6,0.8,0.8,0.5,0.5,0.5,0.8,0.5,0.8,0.6,0.5,0.8,0.8,0.5,0.5,0.8,0.5,0.6,0.8,0.5,0.6,0.6,0.6,0.8,0.5,0.5,0.8,0.8,0.8,0.6,0.6,0.4,0.6,0.8,0.5,0.8,0.8,0.6,0.8,0.5,0.5,0.5,0.5,0.8,0.8,0.8,0.8,0.5,0.4,0.6,0.8,0.5,0.5,0.6,0.6,0.5,0.8,0.6,0.8,0.6,0.4,0.5,0.5,0.5,0.8,0.6,0.8,0.5,0.4,0.6,0.6,0.6,0.5,0.6,0.5,0.4,0.4,0.5,0.8,0.6,0.6,0.5,0.5,0.6,0.5,0.8,0.5,0.5,0.6,0.5,0.5,0.8,0.5,0.8,0.8,0.8,0.6,0.5,0.5,0.8,0.6,0.8,0.6,0.8,0.8,0.4,0.8,0.8,0.5,0.6,0.8,0.4,0.5,0.5,0.8,0.8,0.8,0.4,0.6,0.5,0.8,0.6,0.8,0.6,0.8,0.5,0.5,0.5,0.8,0.5,0.5,0.4,0.6,0.5,0.6,0.4,0.6,0.5,0.8,0.5,0.5,0.8,0.5,0.4,0.8,0.6,0.6,0.5,0.5,0.8,0.5,0.4,0.8,0.5,0.8,0.5,0.8,0.4,0.4,0.5,0.5,0.8,0.4,0.5,0.6,0.5,0.8,0.6,0.8,0.4,0.8,0.5,0.8,0.5,0.8,0.6,0.5,0.8,0.5,0.5,0.8,0.8,0.5,0.6,0.6,0.8,0.5,0.5,0.5,0.5,0.5,0.8,0.5,0.5,0.6,0.5,0.6,0.5,0.5,0.4,0.5,0.5,0.8,0.4,0.8,0.6,0.4,0.5,0.8,0.8,0.4,0.8,0.8,0.8,0.4,0.8,0.5,0.4,0.6,0.8,0.5,0.5,0.6,0.6,0.8,0.5,0.5,0.6,0.8,0.8,0.5,0.6,0.8,0.4,0.6,0.8,0.5,0.5,0.8,0.5,0.4,0.6,0.8,0.8,0.5,0.5,0.5,0.8,0.8,0.5,0.8
14249.61,11119.31,11321.34,15614.9,14201.31,11555.52,13162.89,14598.05,13721.88,12407.4,12257.84,15954.51,14120.62,14024.7,10425.84,10545.63,10802.59,10499.81,10744.36,13275.32,11324.09,10914.08,13803.54,16239.86,10352.78,12304.91,11379.04,16372.73,14228.2,12531.58
27,16,21,28
25,9,22,8,6,15
1,17
2,13,7,30
10,19,18,11
14,12,5,3
4,24,29,20,23
26
74.53,85.85,90.61,69.32,60.55,54.71,35.26,34.65,117.97,45.12,54.27,87.08,68.51,69.28,82.8,36.12,64.15,50.49,52.5,43.93,49.88,71.8,81.47,36.69,72.39,78.57,60.53,67.84,76.22,34.07,71.57,79.63,66.08,95.02,66.44,24.35,67.88,33.47,24.67,75.01,50.17,53.98,117.41,49.89,30.97,26.81,60.56,62.8,75.38,23.76,75.03,71.23,38.6,25.37,30.68,69.13,55.56,81.79,81.52,55.52,42.04,105.39,103.99,108.23,30.05,70.49,98.44,27.52,99.82,86.44,78.3,53.04,68.09,66.7,91.05,89.37,34.69,98.95,108.61,52.98,87.24,21.15,58.24,82.59,50.67,117.54,87.66,76.52,83.97,32.35,69.49,90.38,42.94,97.71,67.63,65.25,109.38,22.63,91.08,38.05,52.74,39.06,30.14,111.47,83.51,36.75,89.84,83.03,92.48,40.16,24.81,112.81,54.35,78.55,21.83,45.48,91.15,19.66,37.41,24.06,65.27,35.19,48.24,22.32,25.95,75.04,99.26,73.84,71.45,67.25,51.41,60.08,73.44,38.11,65.9,49.89,54.03,46.43,76.7,112.95,88.67,117.86,95.83,33.86,63,101.63,45.38,43.11,59.13,83.38,43.73,75.88,44.79,74.36,104.19,31.52,107.48,102.98,22.05,117.17,85.98,57.7,25.66,40.46,124.51,88.17,78.34,83.09,56.71,40.4,80.35,59.02,85.26,35.06,62.67,90.47,114.73,26.29,65.22,53.58,63.91,56.25,75.6,64.95,86.07,78.35,66.4,69.07,95.65,22.37,30.59,81.68,25.37,55.32,83.18,27.34,107.09,24.6,106.38,38.64,36.29,65.72,104.57,33.05,47.18,107.03,44.53,26.51,55.56,99.76,87.85,74.38,66.89,30.94,99.94,44.28,86.88,70.26,110.26,27.38,62.47,88.84,37.81,30.74,118.55,72.33,61.82,84.04,85.58,30.31,121.43,20.72,102.84,46.6,66.16,28.59,49.07,51.34,29.52,59.34,74.47,92.29,47.56,65.19,43.27,81.5,80.72,18.62,54.96,79.21,91.96,82.07,90.82,35.38,61.56,50.01,72.66,43.48,91.93,72.75,104.15,40.35,74.44,21.65,113.9,78.62,74.29,87.07,77.02,63.76,60.18,22.75,84.32,98.84,74.69,43.67,52.21,76.68,34.37,24.09,92.27,68.93,32.7,58.29,42.63,26.71,25.73,45.43,111.08,28.62,37.6,65.54,105.15,79.98,28.02,45.87,94.99,50.68,21.16,83.54
73.09,101.47,101.96,69.26,69.25,39.59,33.15,25.15,79.78,49.65,71.59,105.61,49.16,61.48,80.65,33.33,67.52,50.36,45.89,57.11,53.65,110,73.96,42.85,55.69,77.78,60.18,99.05,96.29,43.5,112.45,97.6,68.18,76.59,91.54,24.82,81.93,35.86,27.58,69.02,40.47,54.88,94.63,59.05,29.65,25.21,66.27,65.56,63.98,29.45,84.81,83.6,34.45,27.68,33.96,48.93,54.51,78.22,66.68,62.69,53.27,99.03,95.88,102.74,26.18,99.14,96.9,25.39,90.58,99.89,97.65,45.46,67.19,69.49,98.26,94.39,41.68,89.04,94.36,46.11,87,33.45,69.74,105.11,45.65,113.55,97.98,70.51,73.33,42.6,85.49,100.28,45.53,97.87,77.64,63.58,77.7,20.42,95.31,48.78,58.59,49.51,32.09,85.27,74.11,37.63,116.1,91,106.42,53.32,24.12,115.64,61.01,114.27,25.49,39.2,95.13,26.29,54.81,24.22,83.79,40.48,71.16,25.35,25.96,62.8,82.05,86.85,67.24,77.63,53.12,58.44,85.64,52.96,67.85,50.17,59.38,52.53,76,94.57,75.2,121.34,71.22,33.36,62.38,97.92,51.94,34.94,54.11,79.57,40.24,70.16,39.76,64.97,99.04,32.26,87.32,115.59,20.25,129.67,80.56,68.92,27.78,44,96.6,79.69,91.88,87.05,71.94,60.99,64.86,74.12,71.48,38.5,69.59,98.05,75.42,30.44,74.77,53.16,60.6,58.15,75.76,54.44,90.98,85.03,62.55,73.02,103.6,18.81,27.34,82.41,30.65,42.94,78.33,25.38,83.9,28.14,106.13,48.54,38.08,76.51,106.66,38.98,48.59,108.58,46.71,32.45,56.2,114.73,70.7,73.3,74.04,33.94,85.53,66.91,85.08,73.44,107.81,30.18,59.85,86.43,37.72,33.57,94.53,77.35,44.5,97.54,79.9,29.98,91.99,27.08,98.73,59.49,90.26,24.13,48.1,40.52,28.63,56.35,98.39,86.99,55.42,77.39,35.92,83.91,79.36,18.45,69.28,94.53,78.75,76.67,78.17,26.48,69.97,40.28,78.26,35.66,104.78,80.79,78.39,33.67,61.49,21.92,118,66.65,64.43,72.05,59.2,72.47,64.24,23.7,87.15,86.01,64.44,41.03,57.83,71.06,32.87,24.62,111.59,101.31,34.35,75.22,43.23,23.98,22.57,41.81,100.21,32.9,29.35,88.88,91.16,74.9,31.96,36.03,102.1,71.59,24.65,95.69
74.6,103.59,108.13,56.8,88.29,58.95,25.23,39.13,140.13,44.13,54.4,112.3,67.77,60.95,97.63,26.33,76.72,41.23,39.85,61.97,47.42,111.05,85.97,37.22,60.61,76.99,49.4,80.04,77.69,34.28,71.6,95.49,65.46,72.71,75.27,25.36,76.88,38.05,20.63,73.56,44.99,68.11,104.09,38.46,28.71,38.2,79.28,66.9,58.46,26.68,101.84,80.5,41.73,30.07,44.82,60.04,56.11,71.96,68.15,49.24,57.64,109.01,90.83,101.21,31.27,84.42,91.41,19.96,82.57,91.82,85.15,46.49,54.41,79.3,72.73,103.02,39.37,108.25,88.59,44.41,79.33,24.38,67.29,94.61,55.53,100.14,80.16,63.15,90.92,40.86,54.58,84.38,40.75,104.81,57.02,51.22,105.31,23.96,74.9,51.08,50.77,32.29,34.78,96.61,62.92,34.49,94.53,81.34,85.99,43.41,24.14,89.61,71.67,104.15,24.42,43.92,85.48,27.76,42.86,19.77,85.78,33.14,51.84,24.43,35.17,63.04,90.69,77.26,74.86,90.62,64.21,56.48,86.17,52.45,61.66,59.79,53.04,36.78,91,87.32,97.5,115.38,75.01,34.77,65.5,88.99,50.83,35.59,59.58,82.06,46.38,66.06,48.13,79.12,82.77,38.59,101.79,114.45,25.3,106.7,65.44,69.87,35.52,34.93,90.17,65.69,114.8,79.59,59.1,54.16,62.27,69.14,72.11,42.16,68.04,74.58,81.05,31.11,90.18,59.45,47.17,84.04,71.19,56.6,99.98,84.16,66.39,81.78,114.32,27.13,34.14,70.92,28.91,52.87,76.65,29.58,111.89,23.34,72.05,49.83,39.81,91.75,87.61,36.65,38.84,96.9,55.45,28.81,46.96,120.5,83.85,82.11,83.05,35.23,83.79,48.18,68.78,92.36,78.94,28.57,85.46,73.25,32.67,40.66,112.95,80.48,60.83,100.7,77.77,28.67,117.03,31.64,122.27,52.6,76.6,27.72,53.23,37.59,32.93,62.43,94.01,99.68,56.67,77.58,46.88,69.48,89.49,25.3,53.92,98.07,85.34,72.15,100.98,31.51,85.73,47.61,92.95,39.91,95.35,71.84,103.48,40.12,88.14,21.72,109.53,70.83,57.61,82.36,71.23,70.3,68.45,24.83,77.91,105.7,65.96,47.37,52,55.1,32.25,32.26,112.59,92.52,30.09,55.74,49.3,32.06,27.72,44.35,100.24,35.3,28.81,99.77,98.87,67.92,34.75,31.43,76.65,75.2,28.02,89.09
52.98,102.41,112.21,52.46,80.59,51.15,28.17,35.78,85.44,43.61,67.55,99.11,72.75,73.67,67,36.3,86.18,54.4,37.65,42.96,57.8,90.19,101.93,34.11,62.03,75.02,57.56,85.91,79,34.3,98.48,80.32,64.59,74.52,65.55,27.59,66.04,31.99,19.26,84.66,49.94,59.34,95.62,50.1,39.84,24.54,74.24,87.29,70.04,33.53,68.7,95.63,31.52,36.34,33.69,55.11,52.47,65.81,77.39,45.81,58.69,81.29,107.4,77.45,21.67,85.7,81.92,20.25,78.92,96.88,87.93,49.27,48.18,65.52,75.41,96.14,30.24,97.35,101.58,48.73,97.63,28.4,80.53,100.27,49.66,118.36,87.79,79.34,72.69,38.01,71.93,107.48,36.77,86.94,72.38,52.4,84.28,23.77,75.7,31.53,48.48,34.46,23.21,98.88,59.6,25.85,105.75,96.45,75.18,50.17,21.87,87.44,68.71,77.14,26.9,35.33,100.63,26.81,39.8,18.86,75.62,33.1,59.87,25.11,33.73,70.56,85.8,85.01,62.9,75.04,67.41,59.11,78.28,43.53,66.23,55.17,71.31,52.39,100.55,106.74,110.2,84.33,84.39,35.87,64.23,96.25,53.3,36.32,60.77,84.83,54.04,72.31,36.08,59.46,118.31,34.22,90.64,99.9,21.58,98.31,67.96,62.55,32.12,38.69,93.01,62.18,94,102.62,51.88,38.07,63.94,68.8,79.73,30.53,62.44,65.16,93.74,32.18,89.16,55.48,57.5,70.72,68.29,56.3,89.48,64.79,60.42,76.09,81.48,19.93,24.5,81.73,26.08,39.25,69.63,28.87,102.45,27.34,98.22,48.6,28.77,74.74,73.37,42.16,36.08,85.78,39.85,27.41,43.29,84.98,84.31,73.59,94.18,25.7,111,56.75,77.08,79.92,85.67,36.31,55.06,56.13,41.92,26.88,99.64,97.84,65.3,82.84,94.68,23.31,95.31,23.32,113.67,53.38,67.18,36.13,37.83,46.07,26.02,41.1,71.65,90.34,45,73.98,41.04,77.18,93.58,23.48,76.98,112.77,89.27,63.25,71.62,33.05,70.7,50.64,83.57,32.77,78.23,86.54,92.01,32.16,55,21.12,114.26,82.62,59.15,64.37,66.53,63.04,48.67,29.74,68.2,112.33,59.96,42.88,68.39,67.33,27.31,22.62,107.55,72.59,31.56,81.71,51.57,31,20.59,48.79,76.73,34.25,36.97,85.8,92.05,60.79,28.41,33.94,84.29,51.18,18.74,80.48
61.18,108.17,113.07,62.55,73.75,50.01,37.49,30.41,92.11,59.36,77.88,80.33,69.64,77.35,89.89,33.6,81.37,41.4,40.28,45.59,60.13,76.88,89.03,49.38,74.5,71,45.06,81.24,77.22,30.94,105.96,71.33,58.64,85.61,86.98,27.54,88.91,26.73,21.24,84.08,40.4,57.83,93.89,51.48,37.71,30.26,60.51,62.18,78.47,25.77,82.43,78.32,37.24,32.44,31.39,62.97,56.49,84.15,70.97,65.63,44.57,87.5,103.64,83.7,27.97,86.43,87.51,21.07,92.45,100.62,79.75,39.72,55.34,76.52,83.48,90.24,27.1,99.04,111.77,37.27,75.63,31.67,70.21,82.22,45.27,101.22,89.47,82.63,82.78,38.08,61.11,102.39,31.75,105.57,59.42,57.93,122.36,19.88,84.66,36.96,55.88,40.84,24.69,92.48,87.3,30.27,121.02,74.77,89.15,47.06,26.5,102.56,70.63,77.13,20.29,39.1,90.96,21.66,51.1,18.31,71.53,39.19,53.75,25.53,36.29,73.08,99.36,67.8,56.94,73.95,51.74,48.85,71.06,37.03,53.39,52.52,50.14,53.61,102.81,110.96,81.37,122.96,83.26,39.44,51.72,82.57,55.33,45,46.49,82.81,53.43,84.07,52.08,74.45,84.51,35.81,88.9,85.7,26.45,83.77,83.75,63.82,25.07,45.65,115.1,86.16,93.95,93.74,60.83,39.75,77.79,57.09,72.59,29.6,61.47,77.93,101.08,25.22,91.44,45.97,44.49,56.72,72.43,56.34,81.8,85.94,63.62,78.68,90.44,18.07,26.95,78.46,25.85,43.24,54.61,27.01,99.03,26,81.56,37.39,37.64,84.08,94.23,32.72,51.62,86.35,47.77,42.24,47.45,84.26,81.44,97.88,65.72,28.98,95.34,52.08,97.67,68.42,91.11,40.32,65.39,79.38,39.92,38.5,115.38,99.47,60.61,79.2,76.25,31.22,115.54,22.47,93.66,43.55,61.75,37.15,40.62,39.36,26.25,47.21,87.77,119.2,44.69,71.99,41.25,84.88,79.9,20.69,69.05,103.54,74.19,73.61,94.36,31.27,59.43,49.06,94.77,43.36,98.02,86.57,84.78,38.91,64.38,26.36,105.85,70.43,63.49,60.42,56.12,74.98,63.5,30.38,95.33,121.58,77.21,42.97,51.49,56.07,25.98,28.08,92.73,74.85,33.49,64.64,50.98,29.08,18.9,43.85,107.96,29.3,27.81,84.13,90.62,71.02,33.38,32.32,71.82,57.05,26.04,84.67
61.48,107.87,91.45,56.12,84.48,50.34,25.63,29.54,124.49,43.53,85.23,89.79,54.89,61.32,81.15,29.38,79.55,53.1,47.85,52.46,62.39,80.82,104.98,47.51,66.51,61.75,40.23,81.66,94.96,30.67,106.05,94.43,61.88,89.01,75.57,28.02,72.51,30.93,27.64,66.14,61.09,69.69,132.65,40.23,38.43,28.81,65.51,79.12,77.61,33.25,107.31,103.77,40.79,34.38,46.2,66.07,51.36,74.63,69.62,63.66,59.19,85.85,86.68,77.02,29.12,110.15,83.47,24.83,80.51,95.33,96.92,51.41,56.74,81.05,75.25,93.63,36.9,104.08,115.99,53.18,86.94,26.89,78.29,93.1,44.82,83.49,91.76,70.71,90.79,39.61,69.38,87.23,41.37,113.24,64.79,44.54,129.79,24.33,78.69,40.28,47.39,30.72,25.2,95.36,78.05,38.71,109.22,92.48,77.89,44.98,25.16,116.01,68.2,77.27,25.45,44.53,84.8,25.52,45.47,19.73,86.84,37.44,57.45,21,33.91,71.6,91.59,72.84,76.03,76.45,60.74,48.64,78.88,42.93,76.53,56.36,66.34,55.56,81.83,87.11,86.35,106.02,107.85,35,73.85,88.04,49.49,40.72,49.29,68.51,54.34,74.21,43.98,87.6,103.68,28.23,70.77,94.56,19.52,128.11,94.92,57.01,24.24,39.33,100.15,70.74,109.85,95.67,70.78,59.73,67.98,68.17,80.02,39.98,49.75,77.04,121.01,32.48,82.38,55.82,64.51,69.82,83.38,59.72,96.1,78.31,59.1,73.11,101.51,24.36,23.57,89.66,22.61,49.14,57.44,33.36,100.98,29.77,86.14,49.85,31.21,69.31,89.98,41.14,50.8,108.5,39.2,29.07,56.48,84.34,103.16,74.57,87.74,29.53,115.04,67.7,72.91,88.57,78.37,37.78,67.9,58.16,39.47,25.47,110.7,100.5,68.18,82.5,86.26,24.91,83.41,32.33,107.55,51.13,67.01,36.86,36.55,40.41,26.12,55.58,108.05,110.44,48.65,82.61,52.77,89.61,98.01,24.57,53.69,83.73,70.15,76.83,78.85,27.12,87.14,39.11,75.02,35.52,84.63,79.86,77.03,42.53,62.2,25.3,114,87.28,81.56,78.69,57.16,89.98,55.54,26.32,69.9,127.07,54.39,43.63,63.35,58,31.16,31.3,101.74,76.46,36.11,68.18,36.86,27.96,20.25,50.83,87.43,25.47,37.57,98.58,92.72,54.5,28.91,43.67,85.24,61.81,30.62,76.38
56.88,100.13,118.83,76.58,81.42,59.18,32.3,28.63,130.55,49.7,62.53,107.05,55.13,85.6,70.87,29.66,88.85,45.81,43.65,50.81,47.95,104.68,95.48,40.81,55.79,63.81,46.42,90.88,72.22,33.46,83.75,100.36,53.63,96.01,65.37,26.58,80.33,38.42,23.95,59.45,53.33,60.69,95.68,44.1,34.27,28.43,61.01,88.91,69.54,24.7,84.24,90.33,29.68,31.41,34.22,48.39,53.86,83.47,72.13,61.21,54.73,99.86,107.49,76.45,31.82,85.85,104.97,24.58,91.77,78.32,85.98,50.1,51.03,73.04,74.24,95.85,29.38,90.36,114.66,41.23,91.57,21.69,79.83,74.99,54.1,100.47,84.73,65.55,88.44,36.49,60.06,109.89,42.92,107.43,80.04,66.16,97.29,19.23,70.94,33.09,54.21,42.42,25.67,105.85,63.87,30.35,92.56,104.16,89.66,50.71,22.2,90.18,66.02,103.36,25.79,46.41,107.83,25.43,52.27,18.61,88.25,31.47,61.96,30.23,24.65,75.23,116.13,74.94,79.29,62.96,52.38,63.32,65.2,38.39,60.4,50.02,60.13,36.9,92.93,111.24,90.61,94.43,87.01,32.9,61.42,95.57,46.58,42.09,52.67,83.76,42.97,82.4,53.48,66.87,127.94,36.06,87.66,94.93,28.07,111.68,60.03,78.6,30.91,35.67,108.85,81.34,79.45,82.09,57.22,50.41,68.04,54.66,63.39,37.17,65.22,86.64,103.92,28.45,83.57,64.59,54.56,74.73,73.62,59.61,118.71,79.2,59.38,82.18,109.5,22.94,30.13,91.46,27.86,48.13,63.91,23.14,105.47,22.38,83.43,37.84,30.68,63.79,75.87,33.71,39.24,76.72,49.45,30.48,53.94,87.84,101.83,79.94,79.28,30.25,111.2,46.64,98.82,79.53,107.64,41.58,65.02,81.04,34.73,31.77,117.69,84.9,69.17,76.72,76.35,29.05,119.02,20.82,102.09,57.33,79.13,27.95,41.81,38.15,29.86,52.58,92.59,118.41,57.56,63.8,44.82,78.29,101,28.76,53.08,86.57,95.94,58.8,83.55,26.48,70.01,40.47,69.76,35.02,70.34,76.75,97.03,35.68,76.07,19.73,122.74,84.15,65.28,69.22,81.87,85.01,60.66,22.22,74.3,100.12,58.83,45.59,62.17,77.36,31.79,24.22,83.18,68.05,28.11,59.84,43.62,24.38,17.33,44.49,109.99,25.66,34.68,82.12,84.92,52.83,30.37,46.91,94.53,56.84,25.26,73.39
55.97,78.8,102.69,71.46,76.29,45.48,27.11,32.67,110.69,48.18,67.41,82.02,57.15,70.76,74.07,26.59,83.6,39.15,40.21,49.6,59.05,85.08,88.27,39,56.21,80.15,53.18,99.53,70.92,42.28,79.82,66.03,62.26,97.31,66.11,19.49,77.76,38.63,21.6,74.87,43,64.3,112.8,41.72,35.12,34.57,57.95,60.74,54.68,32.47,81.47,93.66,33.46,33.46,30.8,62.53,50.52,61.6,78.36,54.24,57.74,83.14,80.04,96.93,24.18,75.79,107.39,21.7,117.79,105.95,82.15,40.89,54.68,59.49,76.17,110.91,33.97,83.32,94.14,42.57,80.2,21.14,71.97,100.46,40.33,108.6,97.87,78.88,78.97,42.53,75,105.38,43.56,111.8,70.27,62.66,86.28,20.21,84.21,41.28,40.94,32.04,25.85,82.48,76.41,32.62,105.15,85.01,103.21,50.51,26.41,104.41,58.42,111.45,23.16,40.14,92.77,27.88,37.19,17.45,94.75,37.53,59.85,19.64,37.06,73.66,102.41,67.52,60.8,81.61,45.76,48.43,81.46,40.5,59.79,39.82,74.95,48.89,89.53,77.11,102.59,84.18,95.08,38.62,68.51,103.4,55.25,36.2,45.34,92.44,49.8,75.11,46.72,69.93,87.14,33.62,101.89,78.86,18.09,101.59,62.48,59.55,26.93,38.27,96.05,79.39,87.33,69.29,66.48,53,59.93,65.4,85.68,40.71,55.92,68.25,91.71,24.47,91.16,63.82,56.42,52.66,84.75,52.61,78.75,59.07,55.56,74.66,119.1,20.76,30.02,66.85,27.38,47.57,67.94,24.55,80.16,20.56,103.46,38.85,31.92,67.65,86,34.17,52.72,95.99,50.12,31.45,49.47,116.13,87.15,99.33,82.91,29.94,113.32,43.34,70.39,87.61,90.38,37.07,66.93,62.74,38.82,37.49,80.5,93.07,63.08,96.47,92.78,33.42,100.96,27.11,114,47.86,65.47,26.09,43.7,40.53,28.78,43.92,84.26,116.62,51.62,58.79,43.03,93.95,94.92,20.96,55.73,92.15,91.09,74.85,100.63,35.35,73.11,37.84,88.2,41.38,76.48,87.72,79.6,29.69,71.83,23.28,115.22,94.77,74.21,81.95,67.71,76.61,45.38,22.61,85.77,114.49,68.73,31.95,55.44,64.89,27.54,31.18,77.94,78.18,28.17,71.03,36.06,24.69,19.93,36.85,78.95,22.46,32.44,78.6,88.21,71.88,30.88,46.09,80.63,69.22,19.39,64.16
54.91,106.59,88.63,61.11,58.27,56.62,28.54,41.65,104.19,56.07,70.61,87.74,61.89,72.82,81.77,32.92,92.31,45.39,34.3,48.68,55.21,101.22,88.86,40.7,70.95,67.2,41.2,87.82,92.34,38.6,84.27,78.87,60.68,108.43,81.73,19.62,83.65,25.8,24.44,88.88,46.88,66.08,112.21,35.24,41.96,33.46,72.91,77.64,64.96,28.14,91.93,103.99,35.55,34.11,40.63,51.52,42.11,72.86,64.96,59.82,39.35,114.69,83.45,111.88,23.31,77.19,106.18,23.45,109.99,86.6,74.46,44.16,54.49,60.32,92.7,117.52,35.02,108.05,98.54,49.29,86,30.49,85.4,99.42,59.6,117.83,107.5,72.61,96.55,35.11,67.07,115.37,33.27,110.64,69.69,68.38,122.34,20.08,68.76,33.11,54.52,32.06,24.76,85.25,86.81,32.57,101.41,70.94,93.9,50.6,24.72,82.57,77.62,89.63,24.42,38.79,76.66,21.91,34.83,26.74,73.07,39.68,50.27,25.06,34.82,68.8,81.73,84.99,71.98,68.45,60.7,52.46,81.62,45.63,74.91,43.07,50.13,53.86,71.23,93.88,87.94,102.99,93.1,36.55,74.59,88.48,42.78,49.17,51.91,67.93,51.41,68.38,46.22,69.99,122.36,26.37,90.02,84.06,24.07,95.89,73.97,62.48,27.1,37.11,97.73,66.75,107.21,91.69,48.59,46.52,66.64,61.65,88.15,29.39,45.45,84.06,101.4,29.93,87.4,63.54,52.29,54.94,72.3,58.29,80.48,77.65,71.64,81.31,88.89,19,24.36,64.94,22.16,39.57,58.3,33.32,96.89,19.89,82.27,46.37,34.14,93.26,105.08,32.05,41.88,85.86,45.75,29.48,46.22,86.9,78.9,110.95,96.38,30.55,101.57,52.39,75.33,77.01,99.86,38.44,59.64,82,39.78,31.61,98.69,107.31,59.96,88.76,65.06,26.14,107.49,22.94,102.89,54.67,57.11,25.33,52.95,35.96,22.77,62.54,79.71,101.85,50.79,81.44,46.58,71.08,104.76,19.94,62.56,114.49,66.47,68.18,94.6,26.15,76.76,42.27,80.28,42.23,75.43,78.94,67.55,33.75,71.77,20.16,96.65,90.14,68.07,80.86,59.25,68.41,45.75,31.06,83.54,105.1,62.94,39.4,57.86,61.52,23.42,23.65,83.81,76.72,32.66,72.63,46.82,24.24,21.31,45.23,100.23,29.24,35.96,83.99,94.68,58.18,38.42,31.8,95.83,49.37,28.95,70.22
58.25,109.54,113.18,57.7,78.39,49.81,33,42.08,92.29,40.86,73.7,90.12,58.81,58.05,88.54,37.43,66.87,44.07,46.49,52.32,55.68,68.71,85.67,41.47,52.93,57.21,59.6,102.79,98.38,30.89,89.89,71.01,57.95,98.68,68.78,20.92,80.9,32.83,20.87,72.01,41.28,62.44,86.71,45.05,33.91,32.84,70.68,83.78,79.12,33.04,80.05,92.76,33.51,34.53,34.69,50.13,56.58,89.59,64.2,67.15,47.04,112.39,81.91,108.3,26.86,92.44,102.18,19.36,129.2,98.26,106.92,48.1,67.31,63.63,90.75,90.32,38.7,92.74,92.93,48.92,110.61,26.98,61.43,69.49,48.22,82.22,111.39,68.95,87.14,31.36,84.04,84.6,35.16,113.41,58.48,51.78,94.69,26.26,75.93,41.7,48.75,43.47,28.8,82.51,64.39,26.71,92.07,103.72,77.61,51.73,25.85,109.04,77.42,96.64,20.14,50.74,107.85,21.69,33.56,24.56,68.93,31.95,72.02,24.67,23.41,69.35,109.04,74.61,85.08,69.81,58.11,59,81.25,38.52,73.01,37.12,59.48,49.26,80.21,104.24,79.57,129.77,79.42,39.17,66.57,91.63,59.2,40.98,49.01,93.75,48.55,71.68,47.63,69.87,92.64,34.03,93.36,73.72,22.13,83.25,79.12,73.24,26.85,40.98,103.97,73.08,97.06,75.07,45.78,56.27,73.9,69.01,62.98,37.8,56.95,83.32,89.04,26.04,90.24,50.15,62.58,82.01,72.4,54.42,90.6,82.63,62.83,84.23,89.72,18.28,21.93,89.22,25.36,46.22,79.53,29.02,124.51,21.63,78.01,42.71,43.43,81.54,102.66,33.36,50.16,91.82,44.53,28.31,46.87,87.7,89.48,82.06,86.74,33.75,105.24,64.68,83.73,75.14,103.42,29.58,64.79,81.7,43.9,33.6,101,104.25,55.23,84.52,84.11,28.41,117.64,25.44,94.2,55.1,75.1,31.48,41.81,42.72,29.18,66.88,118.12,121.02,47.99,76.83,35.17,86.49,118.55,29.85,66.31,108.96,95.39,84.24,99.63,33.06,75.1,36.25,83.33,31.53,92.54,68.96,71.15,31.44,60.45,23.09,116.74,90.73,76.45,91.01,59.18,57.77,62.97,30.76,72.79,110.11,74.19,47.06,60,62.51,31.82,23.46,111.49,74.98,40.34,61.63,35.99,29.33,18.48,38.19,91.27,33.7,32.43,91.13,113.85,57,36.79,32.56,76.08,52.64,28.87,85.38
73.09,100.54,103.95,55.86,82.92,56.74,36.7,27.75,122.68,39.77,77.99,81.85,74.95,74.52,71.71,32.78,75.71,47.49,39.64,53.06,44.76,80.63,83.17,51.08,55.97,55.91,57.27,79.94,98.91,45.62,72.57,87.89,66.07,107.67,62.37,27.29,90.17,35.57,25.9,70.61,49.1,53.44,126.07,47.45,31.05,37.14,77.63,74,60.85,30.81,67.02,76.29,37.86,30.23,42.47,59.81,51.16,84.03,65.08,57.95,45.59,112.98,117.39,105.67,23.36,101.29,90.34,23.57,124.78,103.01,103.23,57.75,59.22,60.98,91.31,89.88,31.88,90.99,117,51.44,92.44,25.6,58.35,75.62,48.45,91.2,80.96,66.25,86.13,40.82,70.45,121.26,39.35,110.91,63.43,48.06,103.22,18.84,95.14,48.23,57.13,41.76,24.88,76.12,74.11,25.66,114.96,101.5,92.31,57.12,32.83,78.6,61.52,103.48,23.42,42.84,104.01,22.63,49.56,21.53,88.66,30.69,48.07,29.6,22.86,78.97,92.55,98.38,70.57,56.91,74.52,50.04,76.49,39.24,61.58,44.26,69.02,39.32,86.56,95.73,90.46,86.65,78.45,41.9,55.71,107.62,44.76,43.86,54.79,98.54,56.49,90.36,41.35,76.3,126.03,34.65,86,85.62,28.24,90.86,63.02,64.81,31.76,43.74,99.14,76.23,103.83,92.39,64.13,38.84,82.87,79.01,70.4,42.12,56.03,99.16,98.05,26.98,72.97,65.95,62.84,65.54,87.24,59.58,120.28,91.62,60.99,65.35,117.02,19.74,27,90.34,22.35,58.66,75.45,26.76,92.58,25.07,82.63,42.29,36.26,76.11,73.7,33.85,48.26,96.26,48.44,29.58,50.74,122,69.54,77.23,90.22,39.01,108.64,45.78,62.16,77.86,96.77,39.32,70.09,75.99,43.28,27.89,99.19,76.95,55.96,96.89,87.88,36.14,83.25,32.66,107.56,51.74,85.24,25.9,60.26,36.92,22.52,57.03,69.72,123.52,42.17,81.62,37.49,76.43,96.93,20.99,71.59,105.69,94.16,59.59,84.18,37.58,85.44,40.86,63.8,46.78,89.33,79.62,74.82,38.66,75.44,21.39,124.84,92.63,70.61,85.9,56.53,74.47,45.74,21.64,83.4,106.1,63.08,35.26,70.56,68.23,23.48,22.93,77.92,70.75,28.45,56.77,44.63,29.06,25.4,41.88,93.02,35.16,33.65,66.82,77.63,65.03,30.49,38.83,76.39,67.7,25.5,85.3
63.21,84.12,109.96,59.24,77.93,55.19,29.31,29.95,98.98,40.48,62.82,84.15,57.68,67.23,87.33,37.04,79.02,54.93,40.85,43.4,47.95,98.7,75.44,37.85,62.93,56.06,39.56,76.09,85.96,29.05,99.41,74.27,52.17,97.46,63.17,23.19,73.2,39.29,18.2,60.19,48.22,64.32,102.75,47.69,39.65,31.6,63.16,81.71,78.4,29.15,90.92,91.1,38.21,25.31,41.42,64.33,44.17,73.01,70.71,54.21,46.66,99.6,78.63,79.25,23.92,85.41,71.1,18.39,84.03,84.74,80.29,40.83,63.72,73.11,86.59,119.92,27.61,117.04,77.89,39.85,74.12,29.14,69.71,98.79,51.1,109.84,81.91,79.35,82.35,39.66,61.38,82.04,36.14,119.58,66.91,50.08,109.44,23.99,80.63,40.09,54.92,30.12,24.52,98.38,69.1,31.33,100.98,93.15,87.94,48.47,27.36,82.04,55.07,99.54,22.52,36.47,97.07,26.72,45.49,18.76,90.39,29.38,60.03,22.86,29.09,52.71,115.03,92.5,68.95,70.33,51.49,57.94,78.72,50.09,66.86,38.98,55.04,41.26,92.67,83.76,104.63,115.06,66.14,32.01,69.47,77.3,49.7,42.33,50.65,69.83,48.83,71.74,40,68.57,105.35,27.74,83.51,79.89,20.95,102.48,74.92,50.92,26.2,43.75,102.25,85.47,106.07,96.67,55.97,47.64,58.27,73.02,73.47,36.42,62.89,69.97,112.67,24.89,79.5,65.6,61.48,68.48,73.99,63.98,110.36,80.67,54.74,89.87,97.88,19.53,28.97,71.42,29.19,41.01,57.01,29.32,93.22,19.41,90.04,47.38,40.53,84.55,79.24,32.14,38.15,91.71,39.55,37.32,48.27,85.34,88.82,82.36,67.21,33.33,91.87,63.19,85.89,79.69,99.51,26.2,57.58,57.18,42.77,30.8,105.38,80.62,54.74,73.01,89.91,25.09,80.58,26.69,116.99,53.51,81.89,28.35,55.22,47.46,27.4,51.9,78.71,110.9,40.14,72.94,50.02,64.42,106.23,21.91,57.55,102.87,82.8,57.55,73.56,25.95,69.74,46.57,81.41,33.91,79.87,71.47,84.31,41.82,78.94,24.38,95.4,80.28,73.25,81.28,58.42,72.04,41.78,29.81,92.88,85.86,70.53,31.39,61.78,62.52,30.16,21.85,101.37,86.43,31.88,80.57,51.16,29.74,19.14,40.23,99.77,32.74,33.02,75.41,98.98,77.41,33.26,39.79,94.44,63.68,19.1,66.96
63.45,108.8,109.06,75.02,62.94,45.85,25.99,38.25,94.45,52.69,76.02,88.66,64.27,56.26,79.56,35.87,80.95,58.24,52.95,43.22,41.05,75.8,73.71,42.33,64.7,57.45,42.72,66.02,74.86,38.21,83.59,86.58,49.55,85.46,65.51,20.22,80.54,37.66,27.69,85.31,46.67,51.41,104.35,49.88,29.42,29.41,57.71,83.9,62.11,28.98,102.42,68.29,27.55,37.67,41.4,58.68,40.57,75.04,85.05,54.9,51.49,86.78,71.39,89.81,25.66,89.31,95.44,26.43,98.33,110.63,69.78,38.04,55.67,52.3,67.74,86.76,25.78,81.12,108.98,50.44,80.91,28.7,62.22,83.59,51.07,84,93.38,91.81,91.44,38.8,65.85,112.3,34.72,88.89,76.15,60.62,88.51,19.38,88.68,41.28,53.47,35.84,28.86,99.84,88.58,31.2,90.84,91.4,77.04,48.29,28.22,113.97,81.16,104.44,24.71,50.09,90.02,23.13,51.56,21.75,69.13,37.71,53.67,29.27,26.13,70.34,89.94,79.54,82.8,56.67,68.56,66.44,70.42,43.48,67.2,55.98,50,44.16,68.76,106.61,99.17,90.47,82.4,31.19,55.17,97.86,49.15,33.02,54.11,72.88,48.29,71.43,49.14,71.06,109.83,28.46,82.84,86,26.34,86.53,69.38,50.83,25.62,37.49,121.72,72.18,99.93,98.39,45.71,53.39,58.56,65.74,75.26,30.7,52.37,69.16,94.46,31.57,78.79,53.66,55.01,70.71,81.67,72.71,87.09,93.36,54.54,70.1,85.28,19.7,24.43,71.81,25.09,48.49,66.69,24.08,100.95,25.12,96.81,37.02,39.43,73.99,75.12,28.99,43.48,110.63,44.14,31,61.33,99.52,68.14,77.6,74.72,32.99,108.01,48.05,84.75,83.3,77.72,30.6,78.64,64.71,40.48,35.38,115.92,98.18,66.24,104.52,92.47,25.18,104.06,25.59,123.21,47.82,84.72,29.7,38.6,36.62,24.67,57.95,114.95,111.75,50.53,59.53,49.53,64.33,100.02,27.79,70.91,99.26,87.8,68.26,84.08,30.08,65.45,50.46,76.28,31.82,87.75,75.46,96.29,41.19,68.97,20.22,91.46,81.71,76.73,72.57,63.28,62.84,49.4,26.72,76.96,107.72,71.61,43.13,56.71,66.73,22.92,22.78,105.85,88.91,37.75,65.32,40.65,23.57,26.01,50.75,91.57,24.24,27.09,75.71,95.33,65.44,30.27,34.82,91.89,59.27,21.5,72.03
71.05,118.82,103.35,64.9,79.68,53.14,24.9,34.98,108.33,46.83,70.14,109.43,58.04,74.63,81.13,25.56,75.73,41.84,55.28,59.23,44.96,103.11,79.08,33.12,64.46,75.17,58.32,89.35,69.81,32.65,72.39,95.76,62.93,103.18,79.36,28.89,63.23,29.84,23.9,64.52,58.67,59.88,88.41,44.99,35.6,31.04,59.2,92.28,58.58,25.3,81.25,86.82,36.7,31.33,32.26,60.38,49.56,67.27,59.68,54.62,42.91,79.49,112.93,90.14,28.13,100.48,101.61,23.42,85.93,84.13,105.56,54.86,53.24,51.33,83.89,110.16,38.45,94.25,109.79,42.65,80.42,29.44,68.56,109.8,53.43,105.75,68.9,91.19,100.2,38.28,61.04,120.82,44.05,119.61,77.74,64.52,81.72,23.72,72,46.47,39.8,33.56,20.6,100.48,65.38,32.68,91.21,72.01,102.61,41.64,30.6,102.43,77.29,92.53,28.25,36.06,96.07,19.13,50.91,20.87,84.01,37.02,56.4,26.16,27.42,72.76,101.63,75.9,61.84,82.93,53.1,46.7,81.56,49.79,69.67,42.6,70.6,39.56,106.47,105.13,92.96,90.13,77.67,39.47,58.4,89.48,55.03,39.56,58.91,67.49,38.84,87.86,40.47,53.77,86.91,30.61,77.09,96.06,20.31,106.1,89.4,53.69,23.06,42.87,112.55,75.9,84.45,105.76,68.41,44.34,79.49,71.32,72.51,41.89,70.1,100.92,96.58,31.56,98.88,48.22,53.63,73.15,100.91,67.87,111.04,85.35,57.92,65.86,93.71,18.12,29.95,87.22,27.91,46.49,71,32.44,98.99,29.14,116.55,45.97,33.63,60.84,74.88,43.19,42.3,91.51,41.92,36.44,46.09,111.26,75.84,79.6,73.39,28.64,120.24,64.33,82.28,67.21,101.46,36.99,75.58,84.28,38.29,29.04,99.04,103.84,52.04,72.89,75.73,28.3,113.94,24.21,89.61,50.92,90.46,32,44.87,51.25,28.69,60.33,88.91,115.94,40.69,73.64,41.33,76.57,98.56,22.91,75.58,112.06,78.93,71.17,96.9,31.43,54.94,45.21,67.49,30.34,86.17,89.08,76.11,43.72,62.12,20.17,94.74,68.72,80.1,67.59,68.15,84.73,54.4,28.27,76.55,97.85,60.07,33.29,66.53,65.44,28.6,23.44,87.54,68.24,38.59,57.96,49.01,30.23,18.36,42.8,96.95,31.82,25.78,75.49,86.77,70.46,31.28,46.28,81.95,57.15,27.59,80.14
75.14,119.3,122.51,68.72,59.01,54.54,37.74,34.06,94.95,50.6,73.33,110.22,67.98,80.43,100.25,35.02,88.33,47.05,53.86,47.03,48.93,81.52,117.29,38.23,57.27,62.65,46.26,88.43,100.65,33.99,100.87,86.91,51.84,104.38,63.84,23.51,72.56,30.21,24.61,75.67,53.36,64.31,113.54,42.79,34.26,31.96,85.2,77,67.31,32.36,104.89,71.47,31.37,37.16,40.53,58.18,46.64,73.53,74.21,65.71,60.28,126.39,81.15,107.56,27.33,85.01,81.2,26.17,113.01,97.64,108.18,47.13,61.36,78.16,75.26,132.36,41.06,103.6,122.43,43.1,104.92,29.09,60.68,108.56,64.25,80.78,104.16,92.21,83.75,39.65,55.01,94.53,37.52,89.13,77.45,58.01,112.62,23.14,92.28,31.28,43.97,39.08,29.07,113.64,65.43,29.44,124.96,72.47,101.1,49.21,32.8,100.91,64.38,85.13,23.11,37.7,76.78,28.58,48.99,17.6,79.37,33.25,66.93,25.44,30.91,70.45,106.46,93.36,70.1,86.76,76.38,53.69,85.43,56.29,58.41,58.85,67.92,48.6,83.23,96.28,79.01,123.79,77.6,38.1,70.9,91.06,63.34,39.26,55.24,97.08,37.51,61.53,52.04,67.82,139.98,42.82,98.14,100.08,25.07,95.87,69.84,66.95,26.84,41.37,97.29,80.11,104.22,82.68,47.17,39.31,68.39,77.78,92.45,33.38,62.63,93.06,122.99,30.09,106.99,48.17,50.66,58.92,76.31,61.11,95.98,91.7,54.31,72.53,104.85,27.8,33.5,100.78,26.27,56.92,63.4,26.35,87.81,24.76,121.2,34.63,37.04,74.93,76.45,39.9,53.41,85.68,50.85,37.26,50.71,112.05,118.73,108.13,68.89,26.83,98.06,52.39,72.06,87.09,109.45,32.98,69.11,75.78,40.71,35,115.85,77.47,68.59,85.86,82.54,35.69,88.74,26.03,132.45,45.07,60.76,40.11,45.86,38.42,30.21,49.4,116.24,109.18,53.34,70.42,53.48,87.97,101.95,18.88,89.44,109.95,74.76,72.36,79.41,36.82,73.47,43.04,99.98,47.11,91.22,82.15,106.64,47.06,61.4,21.68,122.79,83.18,61.39,70.09,63.83,73.84,45.64,31.69,79.14,102.34,70.12,32.96,64.9,58.11,31.37,24.14,76.84,77.4,42.34,89.82,55.59,22.76,21.01,53,101.81,25.59,33.89,72.96,122.29,83.65,34.4,43.81,77.25,62.38,27.2,76.44
64.88,78.64,108.25,71.88,54.15,54.65,34.78,39.67,95.79,49.64,79.79,103.35,57.34,61.66,66.23,30.34,75.32,44.29,57.15,55.79,41.99,106.76,86.09,50.29,71.06,56.66,47.52,84.64,74.65,28.34,80.27,104.31,54.83,94.41,61.99,21.94,68.99,36.13,19.91,72.52,49.32,62.39,101.28,38.17,46.18,42.21,66.75,80.03,65.94,28.26,98.84,67.54,28.63,27.52,32.18,59.58,45.38,81.11,68.09,56.35,44.36,96.04,110.63,109.02,28.61,90.09,91.87,27.89,81.94,106.68,101.31,43.55,62.55,58.24,66.4,111.43,28.39,104.76,83.33,55.63,95.31,34.11,84.15,85.27,48.11,89.54,105.58,71.4,89.92,48.73,72.05,116.91,48.01,89.62,59.57,77.62,91.92,19.58,93.99,39.33,57.96,37.07,24.09,121.33,74.5,27.06,87.56,83.12,85.01,45.74,27.87,113.01,57.9,94.4,25.45,44.48,73.71,27.23,42.83,20.84,76.31,28.89,63.84,29.12,29.82,71.91,85.76,102.92,75.09,57.92,58.96,51.02,69.7,44.12,51.06,41.21,55.3,35.12,79.56,126.4,95.17,101.64,100.22,33.96,55.97,94.46,48.23,31.81,57.45,84.21,53.76,95.8,55.17,71.29,98.84,38.68,106.21,95.82,20.83,81.35,81.04,64.56,25.75,40.66,114.2,65.88,124.23,92.26,70.5,57.49,57.74,69.75,91.69,41.71,78.29,90.84,114.28,31.72,96.67,62.51,51.9,54.33,87.61,72.55,127.56,84.02,55.23,63.01,111.91,20.69,29.71,66.96,26.74,47.1,77.87,33.18,112.8,21.01,103.8,45.34,32.26,99.25,86.95,34.46,57.4,93.84,42.67,27.48,53.21,102.91,108.89,91.46,73.52,34.16,112.15,50.81,75.38,100.94,89.77,39.26,91.5,59.56,37.25,39.03,89.71,85.94,48.75,92.21,84.83,35.08,108.79,23.72,117.57,43.01,75.11,38.73,61.82,46.36,24.12,52.76,83.12,88.9,52.4,72.52,44.8,90.72,91.73,26.05,91.28,100.21,91.88,52.31,110.1,36.67,74.72,49.47,89.07,41.67,86.38,80.27,79.76,44.67,62.88,22.78,105.62,70.07,80.8,93.48,50.88,94.24,55.11,34.2,80.89,135.57,68.95,38.71,54.43,60.65,29.06,23.63,84.39,75.93,33.29,63.66,41.74,23.61,19.47,52.16,91.68,35.37,36.27,93.44,84.51,91.08,24.41,44.61,79.61,53.41,28.31,83.99
66.11,101.25,124.33,77.61,76.36,56.21,35.81,27.4,99.58,45.45,60.81,106.62,63.65,80.4,92.2,27.28,85.03,51.04,52.38,45.66,46.82,85.67,91.84,36.17,57.3,69.1,65.5,85.19,91.45,40.19,83.64,111.39,59.66,90.28,94.37,20.85,75.47,40.97,24.68,65.19,43.41,76.45,97.88,55.4,40.19,36.01,79.7,75.19,67.91,26.45,83.15,85.44,44.23,36.5,33.3,51.21,44.71,101.11,75.47,53.35,65.88,113.3,110.02,102.27,26.86,83.38,73.95,27.69,89.42,96.59,87.11,40.7,68.61,68.74,106.2,93.32,29.52,129.51,87.64,42.49,80.21,27.47,60.44,83.09,47.74,122.2,86.05,63.06,98.59,46.51,79.45,91.92,34.74,107.48,59.01,60.51,103.86,27.58,107.19,44.11,52.92,41.29,29.31,105.65,80.51,37.59,90.32,79.78,79.03,59.84,24.05,106.99,77.39,85.41,26.43,38.21,88.31,22.19,43.5,24.1,73.48,36.27,66.09,27.53,28.01,75.9,92.51,104.82,66.62,66.96,51.43,53.92,61.8,38.42,67.76,52.13,54.74,38.4,84.85,90.74,92.1,102.91,77.36,41.86,84.88,98.64,58.26,43.54,54.71,67.27,55.71,78.18,50.04,64.68,106.37,31.83,98.16,94.69,20.01,108.88,66.16,54.51,35.79,39.05,106.25,75.16,117.8,82.59,52.78,48.82,87.36,54.45,75.64,38.33,65.46,76.72,94.92,33.4,101.26,64.43,64.75,87.55,75.62,73.16,85.15,82.72,59.07,76.48,97.87,25.27,24.25,69.35,26.72,45.8,69.96,32.21,100.72,25.72,121.7,48.37,41.27,80.54,111.31,44.92,58.09,108.59,40.82,34.68,62.49,96.31,91.61,114.09,83.56,35.42,79.31,62.57,88.47,76.05,116.89,40.61,86.27,73.77,34.09,24.8,83.44,91.64,51.46,84.46,97.02,29.71,117.93,23.62,99.69,45.95,78.24,33.68,40.16,46.03,24.33,53.14,101.78,81.1,47.49,58.49,45.36,69.49,106.74,18.96,83.6,97.93,86.6,76.56,95.73,32.43,72.36,42.28,74.96,35.2,99.94,81.6,98.66,31.98,76.16,25.62,121.06,61.98,63.74,66.35,83.22,79.64,61.08,26.96,83.84,97.57,58.64,34.18,48.24,65.17,31.97,19.37,121,83.88,33.34,91.03,49.99,29.03,20.26,49.38,120.04,39.42,32.6,85.93,93.37,56,37.47,51.58,82.76,61.79,23.05,94.29
71.47,118.96,124.53,65.51,67.24,51.24,29.91,33.06,96.13,58.53,67.75,109.74,67.72,52.88,88.77,36.5,79.29,49.33,47.24,51.73,61.91,86.66,94.73,43.67,66.32,78.2,45.29,96.09,97.97,32.9,78.57,96.75,72.92,94.09,88.86,27.83,90.42,37.76,21.41,76.53,51.11,69.77,107.12,53.07,35.25,33.92,76.33,61.9,69.75,26.18,90.51,91.79,38.26,33.83,43.86,71.49,61.87,78.16,72.62,47.47,49.16,111.84,85.66,131.09,31.27,83.92,118.76,25.47,82.86,94.95,79.07,43.97,52.32,62.57,83.93,106.83,30.78,97.39,119.57,60.5,100.61,28.97,73.4,71.84,59.67,81.12,98.48,83.68,104.98,47.78,80.35,87.1,33.26,103.53,62.77,57.46,84.14,27.29,90.06,32.49,43.86,37.37,22.13,123.65,73.56,35.1,106.76,85.48,111,43.4,28.55,108.66,51.89,100.05,19.47,52.81,93.12,23.37,53.99,23.78,78.38,40.62,50.91,24.03,38.08,76.63,125.12,66.2,76.25,58.61,58.92,60.72,83.47,44.1,71.22,43.04,51.09,40.95,69.43,78.65,96.6,101.52,98.84,46.28,52.51,88.45,66.62,37.11,58.88,87.94,44.04,76.33,46.39,68.31,104.38,30.54,115.5,109.93,18.4,95.2,63.7,70.36,32.03,31.06,83.74,68.63,132.82,73.19,61.44,51.99,72.38,71.74,77.64,51.1,64.41,93.61,78.68,31.93,81.44,49.82,50.85,85.65,102.02,72.86,133.31,86.63,62.88,76.43,102.14,26.51,28.01,66.59,27.01,47.9,68.32,25.44,86.9,25.3,85.83,53.03,37.91,61.81,75.28,47.43,36.79,82.04,42.38,31.43,51.6,100.25,83.85,112.93,84.9,29.17,76.64,45.95,77.58,106.35,84.92,38.46,77.37,60.64,43.54,32.55,86.96,81.52,66.38,105.28,82.56,27.13,91.34,26.41,138.21,47.17,79.3,37.94,45.37,43.89,27.89,49.61,79.06,116.25,49.67,57.31,51.09,70.49,81.44,25.7,77.37,103,87.53,87.53,85.36,30.61,66.04,40.43,101.14,45.86,102.52,84.55,82.78,41.53,71.64,17.91,124.97,76.02,81.98,62.43,81.64,89.28,62.11,25.42,101.08,122.88,56.89,39.87,61.76,65.83,23.79,25.33,100.1,90.67,41.76,59.34,56.02,23.03,22.03,48.01,106.46,28.1,33.64,65,111.83,82.17,34.77,43.89,90.49,51.87,20.53,81.95
55.43,104.64,105.01,52.45,72.85,53.44,26.02,36.27,126.14,53.99,73.16,90.87,80.4,83.9,77.57,32.13,67.58,42.03,47.8,62.99,57.34,82.76,70.53,34.65,73.28,68.61,45.09,65.53,78.13,38.64,68.32,87.93,58.97,72.73,72.48,28.89,63.86,32.83,21.14,77.02,57.26,61.63,114.69,57.78,41.91,31.78,69.73,62.26,67.39,25.78,80.62,96.95,32.84,32.08,39.42,68.31,57.98,78.03,55.81,56.52,56.71,105.79,84.32,101.54,31.53,100.89,80.05,24.68,130.24,101.66,96.49,46.02,71.55,62.45,90.39,122.3,28.79,76.92,90.95,58.19,84.22,26.72,80.94,94.3,49.87,122,103.98,84.41,91.41,38.46,75.31,125.83,47.8,123.09,69.92,67.01,89.53,22.74,95.03,46.99,50.19,41.58,33.69,116.08,67.96,33.35,98.92,84.57,97.08,43.82,34.5,132.3,76.11,98.6,26.8,53.58,104.13,23.59,37.71,22.75,73.82,36.69,59.87,26.65,34.85,71.71,93.55,93.71,56.83,77.51,76.16,65.31,88.13,52.13,55.48,43.75,57.46,43.22,88.22,82.65,109.52,99.86,98.49,47.94,56.15,111.13,67.31,37.69,62.4,66.8,43.8,84.83,36.26,62.96,120.98,36.81,118.9,97.2,23.01,102.99,85.77,68.51,25.35,37.54,129.97,92.07,105.53,89.57,63.39,40.17,75.06,66.35,82.55,33.32,63.38,85.57,88.7,29.42,105.57,56.31,58.3,72.21,88.28,76.16,98.41,84.05,50.95,79.62,82.65,25.06,30.29,75.14,21.32,41,57.61,37.21,83.02,18.99,107.53,48.5,33.08,88.49,112.91,38.09,43.06,97.34,48.87,36.54,55.7,108.32,98.33,95.58,100.93,40.1,83.91,54.65,80.36,98.71,78.71,38.39,74.95,82.29,32.47,33.32,107.77,82.07,74.15,82.26,79.18,34.8,95.89,31.07,98.44,54.44,77.42,38.2,53.02,44.21,31.39,61.41,115.34,113.25,47.05,53.95,52.54,64.16,95.97,25.82,64.6,96.31,89.86,74.56,81.05,26.19,75.73,40.66,73.65,32.12,92.47,86.96,96.98,46.1,61.64,18.1,126.41,76.96,62.26,65.41,53.52,63.97,54.83,24.38,68.29,119.66,83.19,34.77,67.04,63.83,30.38,22.31,118.34,70.98,41.72,60.73,45.99,20.15,25.22,49.56,86.93,36.45,34.51,69.11,84.87,72.8,32.96,44.26,99.14,54.15,29.7,69.3
59.76,85.53,120.96,66.17,62.35,44.66,36.4,34.3,95.14,51.2,60.83,98.84,61.75,85.13,79.74,38.62,77.47,42.86,47.58,48.59,54.3,78.27,105.24,41.77,60.16,82.09,40.28,86.91,76.09,32.78,93.53,87.75,43.81,78.91,64.02,26.07,71.12,33.28,21.4,70.84,40.81,66.2,86.84,50.14,40.7,26.46,86.59,76.61,59.78,30.6,85.93,84.12,38.79,40.25,35.64,64.44,38.28,95.86,71.56,41.54,45.51,98.34,112.74,101.04,26.95,79.16,92.91,21.12,108.92,101.67,83.81,46.77,51.39,72.92,81.96,102.18,36.24,86.77,80.24,55.61,80.05,28.56,75.24,102.09,48.72,95.52,69.07,70.65,67.47,36.76,78.69,103.85,39.41,116.09,53.06,56.08,91.22,20.89,87.58,36.51,48.38,37.54,23.18,95.95,87.67,35.12,122.27,94.66,81.54,52.62,28.22,107.84,71.11,84.18,23.21,48.46,79.97,27.18,49.38,18.85,87.38,31.42,62.93,25.7,24.74,63.17,89.28,79.62,77.77,57.67,72.83,66.75,65.17,39.27,62.31,54.59,64.1,43.06,91.08,87.76,89.34,86.65,90.22,31.85,54.88,95.99,53.9,46.47,44.63,63.69,44.25,91.56,38.65,56.33,120.27,40.76,83.91,106.56,19.95,119.7,83.46,58.48,23.96,33.88,91.84,76.6,109.73,76.52,51.97,45.16,77.47,58.58,89.96,30.6,63.13,77.08,109.81,33.98,79.09,70.97,64.22,76.46,87.51,62.8,117.69,91.83,61,77.55,96.57,24.55,22.54,82.56,31.53,39.36,59.91,29.63,112.17,19.96,106.4,50.08,39.24,83.36,79.88,28,39,83.78,50.49,39.2,49.28,117.05,101.04,83.61,70.96,27.46,122.79,57.54,89.63,61.35,105.32,31.01,70.95,72.92,36.13,36.8,91.4,95.29,55.74,87.68,70.95,33.6,100.11,23.5,111.39,47.78,72.33,28.78,52.42,49.89,31.56,57.74,78.38,120.35,58.71,65.26,50.09,85.36,79.12,28.84,80.03,84.43,76.48,53.7,82.91,37.9,73.68,43.91,79.52,38.95,91.66,83.25,89.56,44.45,62.44,22.73,103.55,89.73,61.59,78.24,81.29,68.03,62.45,28.58,65.65,128.18,72.09,44.78,74.52,75.57,35.49,25.2,111.24,71.54,28.45,77.54,44.11,27.77,27.99,42.56,112.5,32.12,25.92,99.74,85.49,55.96,31.75,34.52,97.31,65.84,22.26,91.07
60.27,94.88,110.52,53.59,56.72,44.35,32.57,38.54,92.71,45.38,58.39,101.42,52.42,82.55,88.45,30.76,91.01,47.88,46.65,48.12,41.06,103.06,83.93,43.08,52.66,59.47,59.31,69.95,84.77,31.27,85.88,80.62,60.27,92.05,71.31,22.53,90.69,39.37,26.19,66.89,44.91,55.48,123.52,60.06,40.2,30.32,75.94,91.6,73.08,31.51,108.7,73.94,30.99,39.25,44.25,55.25,51.48,95.93,82.19,50.58,54.57,101.31,119.07,113.04,31.31,94.12,78.62,22.34,92.32,85.46,98.4,54.42,49.4,69.44,86.05,102.08,37.87,98.57,118.04,45.49,102.1,25.63,60.51,68.86,59.79,84.05,98.27,86.99,84.74,49.02,59.71,131.99,41.54,93.02,69.02,72.32,126.84,25.35,92.29,40.99,41.45,46.59,28.75,89.16,72.95,26.8,98.68,88.21,93.67,37.66,35.01,85.47,71.11,81.33,27.3,49.84,80.37,30.33,37.41,21.5,91.3,34.7,47.52,20.02,32.73,78.71,98.78,96.66,69.61,64.45,68.19,63.4,81.54,34.32,65.65,52.37,51.89,39.1,98.38,98.54,80.94,128.39,104.55,37.48,52.23,99.16,55.75,45.38,62.81,86.53,48.53,76.18,49.45,67.51,115.44,36.61,87.61,72.3,29.33,91.39,63,72.19,25.16,46.13,123.47,90.67,94.11,107.02,69.26,52.4,88.06,59.45,84.61,38.77,49.52,92.37,118.86,23.12,97.38,57.99,46.39,62.04,92.98,67.88,124.07,81.14,58.15,73.83,102.67,19.98,31.34,90.67,23.8,51.4,80.79,31.59,88.96,27.49,95.96,51.54,31.37,68.16,95.37,42.27,56.76,107.21,46.28,28.42,48.15,98.21,103.91,92.64,76.57,28.91,102.15,49.52,80.44,95.67,77.1,29.3,75.7,65.45,29.78,28.64,95.42,99.98,55.11,107.33,77.45,31.91,88.01,21.71,90.79,50.7,67.47,29.93,49.9,50.03,24.59,58.56,74.16,107.78,58.25,72.32,47.44,88.94,98.25,24.28,77.19,88.31,90.26,62.15,107.15,32.02,69.26,44.84,86.52,39.23,102.77,75.39,84.58,36.92,62.59,27.34,118.43,90,72.85,65.49,59.92,84.6,55.07,24.53,88.9,101.01,59.89,42.5,66.33,52.39,35.44,24.95,113.28,83.33,40.22,62.27,41.33,24.34,26.65,39.15,87.83,36.65,30.05,73.89,112.02,83.18,33.09,39.66,111.5,61.75,24.35,101.66
59.74,93.51,115.11,84.82,69.27,49.34,32.03,38.61,99.54,43.24,78.76,101.21,68.41,61.91,63.57,35.25,72.63,43.07,42.38,47.4,59.61,110.84,102.61,34.19,68.68,64.18,55.12,91.78,86.9,37.37,81.39,103.75,55.07,90.47,78.48,30.29,66.5,29.8,21.07,73.16,44.16,64.23,107.07,53.11,32.93,40.4,67.14,87.02,91.17,27.51,90.03,105.34,34.25,32.33,43.67,74.27,58.8,72.45,84.54,61.7,50.2,114.92,118.33,90,31.06,69.2,105.01,25.69,86.97,114.86,111.94,48.98,54.75,66.87,102.44,95.71,37.02,103.62,98.37,49.69,109.47,28.65,60.88,91.28,63.76,131.77,74.03,84.61,79.97,40.63,59.56,130.07,47.17,106.87,53.81,56.18,94.76,19.92,83.5,38.5,62.57,40.76,22.85,108.04,89.57,36.98,116.74,76.33,100.68,52.66,22.02,97.71,61.87,88.74,24.4,55.65,118.65,28.44,38.2,17.17,91.12,38.5,51.97,25.82,34.77,57.46,81.97,80.05,63.67,63.59,66.43,68.23,75.7,37.41,59.39,41.32,75.64,35.88,119.48,118.35,100.09,130.28,97.26,40.57,65.57,100.98,57.11,34.32,53.52,74.14,61.86,83.69,50.31,83.85,133.8,32.48,87.72,71.83,27.48,117.75,86,52.16,23.53,49.64,129.41,72.85,108.19,75.79,53.9,48.48,84.87,60.84,62.86,44.11,62.82,96.29,97.14,24.15,69.77,48.83,61.76,62.68,102.09,61.47,124.08,67.85,62.54,69.21,135.55,28.53,25.94,85.69,26.73,54.2,67.61,30.05,106.47,31.58,100.42,48.97,36.84,77.17,83.31,31.94,60.22,98.1,38.94,35.67,46.24,108.36,104.21,89.49,91.74,34.37,89.29,48.72,87.81,79.29,111.25,40.42,78.79,72.65,30.91,38.88,93.94,98.83,63.75,92.12,69.12,31.8,126.79,31.77,130.42,54.71,76.95,31.35,48.75,41.76,29.26,70.08,102.91,85.21,55.05,77.85,43.85,86.25,101.81,20.42,57.48,93.33,102.85,61.66,86.23,33.7,83.92,44.86,79.17,41.34,104.67,95.46,77.5,46.41,74.29,25.82,101.36,72.31,62.45,84.36,73.51,77.83,52.31,33.09,73.52,108.37,68.92,39.76,51.74,69.23,32.34,24.75,99.64,84.19,39.42,76.58,50.04,28.49,19.63,34.44,108.37,24.35,34.03,69.24,96.06,74.72,37.54,34.44,72.39,54.06,26.99,71.22
54.86,103.74,107.8,64.44,60.54,41.48,34.08,38.3,122.17,58.6,81.45,102.57,68.72,78.33,82.81,28.93,88.34,47.43,48.62,47.05,49.97,91.5,83.47,38.11,71.68,58.64,54.97,80.23,72.48,42.82,96.82,75.58,56.02,92.2,84.75,28.65,89.17,33.11,21.25,78.03,37.74,60.76,99.46,47.31,36.54,25.65,62.68,69.08,67.44,32.18,87,96.66,32.49,36.34,38.34,51.17,53.43,98.69,87.06,56.74,51.41,91.52,97.54,99.58,27.73,80.1,80.54,19.36,89.62,80.92,115.83,38.45,54.41,79.35,84.87,112.72,31.43,121.6,72.92,53.55,104.83,23.26,82.54,74.7,39.67,83.4,93.06,81.53,96.83,39.75,54.96,81.3,40.49,114.04,72.11,67.36,109.18,23.6,72.62,33.15,49.73,32.26,28.68,84.97,66.44,30.95,96.57,100.6,88.44,42.46,31.13,106.71,66.71,88.95,21.37,44.14,111.37,23.74,50.21,18.79,78.59,34.02,53.94,26.02,27.31,68.61,97.29,75.86,70,86.23,72.74,60.54,87.52,36.28,69.69,45.5,54.57,41.18,78.7,79.07,106.51,123.61,98.82,40.39,68.67,109.38,54.7,40.16,42.15,76.74,39.38,67.57,46.53,65.45,108.57,36.46,98.25,103.47,24.73,84.99,75.6,54.11,24.14,42.95,94.5,86.85,111.32,84.84,64.01,46.97,77.2,76.74,81.52,35.65,50.46,70.31,95.42,26.58,91.18,65.09,40.81,74.78,90.69,67.67,118.07,78.97,60.65,87.92,101.23,22.88,26.04,69.55,25.69,37.27,81.92,26.72,102.31,28.5,92.78,41.11,29.5,67.59,75.64,43.44,47.38,109.91,52.93,31.64,44.98,100.32,100.05,77.17,91.38,32.93,78,47.81,75.02,73.23,77.1,37.96,53.22,62.07,42.28,27.88,80.67,99.85,64.33,79.69,72.95,31.12,79.93,26.87,106.49,55.96,65.19,32.97,59,45.45,23.99,57.87,83.04,105.37,38.55,52.93,38.79,70.46,86.34,20.6,64.72,116.09,96.39,69.18,79.7,29.69,70.84,45.57,82.72,38.05,76.06,74.8,108.03,30.55,67.9,23.06,84.83,83.12,57.86,58.57,65.95,62.97,50.58,25.83,74.18,123.92,63.04,39.86,60.77,70.91,32.01,24.64,92.03,85.06,29.58,62.83,51.15,21.17,26.49,33.86,83.43,35.15,37.83,78.92,101.09,75.14,29.82,39.22,105.42,68.9,20.45,80.79
63.75,115.99,114.84,50.28,58.93,37.12,24.56,30.74,109.43,54.57,54.41,95.55,61.9,61.76,89.25,27.07,73.51,51.12,36.21,54.97,54.56,85.42,78.06,31.81,63.61,50.19,53.78,68.49,79.81,28.94,93.81,87.09,60.68,88.37,86.12,18.19,78.9,32.32,21.04,73.34,36.72,46.33,118.01,38.03,32.14,29.43,64.88,65.24,76.92,27.81,75.79,86.85,28,30.48,30.97,71.27,44.87,91.77,78.65,55.74,49.71,90.17,75.79,90.28,25.93,92.06,69.93,26.96,81.16,90,96.71,50.37,69.94,74.25,78.62,115.79,37.01,83.85,109.8,53.19,76.36,22.44,77.96,88.82,39.19,81.79,81.16,75.92,67.42,42.55,59.93,101.41,31.39,82.82,56.78,46.38,109.35,19.11,85.33,41.75,46.14,31.48,26.65,94.06,62.37,28.11,105.23,94.41,86.94,44.06,24.27,102.94,62.5,94.59,25.78,47.39,94.47,18.96,51.03,21.2,93.12,39.11,45.18,20.63,30.58,68.45,84.15,96.51,62.09,70.97,67.32,45.16,67.05,48.32,54.7,43.49,66.86,42.85,104.19,105.12,99.59,103.37,68.29,33.72,60.56,71.83,48.73,41.45,51.6,79.15,39.79,74.61,44.2,76.62,120.63,38.24,83.85,94.35,19.5,105.75,75.61,59.11,26.44,36.78,112.44,70.48,110.07,95.53,53.82,57.65,79.8,53.05,92.22,32.12,44.37,75.62,82.89,26.04,90.84,49.6,58.34,52.8,83.16,46.61,98.48,62.32,52.08,64.61,102.4,19.27,27.62,83.31,24.85,51.85,68.99,22.09,80.63,24.87,99.42,37.22,37.14,84.79,85.75,32.55,50.6,84.3,34.05,30.87,39.35,87.27,90.08,96.93,87.51,36.57,103.6,57.88,84.13,78.43,103.4,30.5,65.54,60.44,35.52,24.34,78.88,80.61,62.46,68,77.85,32.98,112.33,25.89,93.47,58.85,83.05,26.81,38.02,38.3,23.49,50.79,92.86,80.74,38.1,74.69,39.84,70.06,96.83,24.68,56.56,77.56,65.41,64,94.4,27.86,58.4,47.24,74.33,32.41,98.66,88.13,88.99,29.85,53.92,20.98,85.89,83.16,53.15,57.35,60.59,76.03,62.41,24.39,78.83,97.18,60.02,38.31,53.86,74.29,32.44,24.95,92.57,74.08,34.31,65.37,52.09,25.02,22.9,36.51,84.8,26.87,31.55,73.15,110.67,71.13,26.75,41.27,76.3,63.13,25.73,68.21
78.22,95.7,106.63,69.34,55.74,50.07,35.15,31.12,87.96,52.62,86.83,127.91,54.38,66.46,86.45,36.07,78.84,44.81,45.01,62.72,58.65,80.64,74.08,48.28,64.64,81.43,42.33,97.85,102.5,44.99,93.76,101.51,61.75,105.19,76.69,28.37,69.18,43.48,25.54,65.95,57.4,52.04,125.92,53.87,42.17,31.12,72.38,78.51,84.2,33.53,84.66,78.75,37.17,32.63,43,62.79,47.41,97.88,64.15,51.91,47.9,89.59,92.11,89.55,25.75,81.29,85.8,30.41,112.16,110.27,86.45,45.54,71.62,71.89,84.55,103.47,30.76,117.38,116.87,52.52,79.92,29,64.63,95.34,55.92,111.26,89.67,87.68,88.98,48.72,62.21,124.3,36.9,100.43,52.54,65.51,126.32,27.23,97.43,34.44,53.97,41.76,27.21,83.86,64.85,39.89,126.86,76.6,90.91,45.24,30.04,91.67,76.35,105.83,19.09,38.61,122.88,22.88,48.06,23.37,72.23,33.22,49.04,21.24,35.63,92.57,100.52,87.04,55.64,68.96,63.43,53.95,96.6,55.3,70.53,44.22,66.22,55.82,104.29,96.14,88.96,97.47,87.29,44.06,71.1,84.43,49.55,46.06,55.43,101.38,40.01,88.88,39.1,83.02,101.99,31.67,88.68,92.81,27.11,86.97,82.18,65.97,27.37,50.19,114.52,67.38,114.04,100.24,61.16,43.29,86.81,71.6,90.17,39.7,51,82.66,97.44,28.09,79.02,67.05,52.94,56.61,75.72,68.64,102.51,80.31,60.23,77.06,119.43,17.98,29.2,86.66,27.49,49.9,66.22,36.34,107.9,26.64,98.42,57.12,40.81,70.73,100.96,31.49,57.65,80.01,38.14,26.35,45.64,86.68,96.68,101.52,80.3,28.06,120.09,49.01,93.66,85.96,90.38,29.55,53.9,82.13,36.96,34.87,88.97,97.29,60.58,86.87,69.83,28.52,100.9,28.92,88.87,48.48,64.48,33.2,46.26,49.04,31.45,66.84,106.19,95.02,40.07,77.76,41.67,79.39,80.21,25.57,66.12,114.22,102.67,86.14,117.03,35.08,88.6,47.6,90.05,42.56,107.38,72.87,76.75,35.69,59.49,19.56,124.75,67.84,71.48,82.91,60.13,95.63,61.93,26.74,86.9,112.93,64.01,40.97,63.93,61.75,28.49,26.91,115.11,84.62,30.26,59.24,49.29,20.77,22.52,35.92,94.29,38.48,33.98,85.76,100.9,73.42,27.53,36.98,95.68,71.42,30.36,75.93
61.31,94.18,98.53,63.11,85.98,50.78,28.52,35.73,105.86,42.41,72.35,106.11,68.47,80.7,72.18,28.89,92.92,57.54,39.24,53.14,47.66,90.69,68.77,38.26,61.18,59.91,45.19,80.75,80.48,28.39,100.4,99.87,63.33,90.46,77.28,21.57,90.57,35.46,24.22,81.57,45.22,61.14,118.43,47.17,39.7,27.38,58.27,80.35,66.24,38.62,71.1,96.67,38.58,28.84,36.96,73.8,42.02,77.7,55.22,58.06,57.99,87.33,83.56,120.03,30.1,72.69,71.23,21.42,117.53,83.13,91.78,43.67,71.03,79.92,79.6,108.44,30,100.59,86.48,46.21,95.45,24.91,60.89,97.94,49.73,118.79,88.63,74.35,105.14,48.15,62.19,93.08,34.24,90.95,62.16,59,130.98,24.93,100.05,35.81,54.71,43.03,26.03,83.41,71.14,34.4,108.5,101.55,72.2,45.48,28.55,99.4,72.63,93.3,20.12,33.49,85.29,28.53,51.94,20.57,100.56,46.29,61.67,28.12,23.81,54.06,103.8,70.36,74.52,73.29,60.28,64.8,61.41,46.66,68.8,51.2,57.28,50.7,76.51,97.48,100.82,108.28,92.77,34.17,77.02,110.48,40.38,47.04,39.17,69.09,57.78,58.05,48.49,63.04,115.8,37.6,80.32,99.62,21.62,114.28,81.63,52.85,27.35,42.73,118.49,90.49,93.06,67.16,65.23,52.94,88.74,66.04,81.97,31.46,63.95,94.98,88.63,29.44,77.53,55.37,48.6,62.18,79.87,61.1,91.01,75.2,55.63,70.86,86.7,27.66,26.57,95.99,24.8,44.04,61.15,33.01,83.58,28.23,98.5,42.56,35.94,67.55,105.06,31.58,60.58,76.63,52.31,30.32,41.82,121.6,77.02,87.61,87.35,28.94,92.64,55.07,106.33,88.58,82.46,37.63,80.13,74.94,37.4,39.49,96.86,80.23,44.95,71.96,83.07,30.32,109.82,23.94,123.68,46.41,84.56,25.62,47.42,48.95,26.66,42.07,107.11,94.73,43.74,77.22,50.05,91.63,113.05,21.26,85.78,92,83.05,83.89,76.01,26.79,80.88,48.54,78.01,37.17,80.88,70.29,85.41,37.41,79.02,19.51,120.69,79.37,68.96,65.22,52.73,59.9,67.36,29.03,95.15,112.26,72.17,31.96,71.61,74.51,31.45,21.29,101.41,70.43,30.6,77.72,56.22,20.17,20.09,47.09,121.19,30.54,31.5,74.17,94.44,57.42,34.76,39.05,86.52,47.74,27.33,95.23
70.43,79.16,104,60.97,64.7,42.96,39.49,30.19,103.23,52.98,58.15,99.52,56.96,76.57,72.95,41.36,83.02,59.96,42.49,56.32,48.66,113.1,94.03,32.6,70.67,79.13,51.74,75.82,85.86,35.57,75.53,83.76,62.96,107.28,66.26,30.06,87.27,30.97,22.72,69.4,58.47,74.06,128.88,39.57,37.32,31.85,77.31,66.63,89,34.23,77.4,90.41,31.65,35.84,37.54,49.99,44.78,74.48,71.92,48.34,52.38,118.44,83.81,80.2,26.68,74.47,110.22,22.9,108.25,102,89.7,53.47,65.95,61.86,74.61,94.04,35.16,88.07,99.28,50.16,77.76,26.62,63.55,102.24,41.85,96.04,87.03,74.37,73.32,41.2,85.21,90.93,33.8,108.33,69.08,65.22,98.53,21.51,93.42,35.78,41.17,30.58,29.92,128.74,61.38,37.32,104.77,87.65,94.31,61.14,32.01,90.58,81.35,79.75,20.08,42.42,102.87,22.23,42.97,25.46,89.76,39.48,61.1,19.48,24.21,81.29,100.35,70.44,63.08,70.24,55.33,71.92,85.99,42.57,60.09,52.51,58.16,49.87,101.83,82.17,95.91,103.31,74.81,41.28,73.91,99.34,50.48,50.9,54.02,75.85,48.89,68.42,43.52,80.07,112.78,38.48,91.85,97.72,24.54,108.31,64.86,67.68,23.45,38.22,123.28,77.07,93.8,102.85,61.39,52.88,78.5,64.43,75.6,42.15,73.96,94.17,109.96,35.56,88.76,63.37,51.78,56.2,70.54,63.31,117.23,80.17,57.12,83.68,97.6,17.88,32.7,76.22,27.93,44.92,69.67,25.13,93.8,23.68,92.45,48.26,35.03,74.55,75.57,33.89,40.43,74.21,42.67,40.8,47.41,120.01,70.47,87.11,66.29,24.96,89.62,56.48,77.37,77.48,85.26,30.23,82.64,71.73,37.37,38.39,90.77,82.24,60.49,83.75,88.02,23.6,93.46,25.73,139.04,47.37,82.39,30.21,42.31,35.92,31.36,60.56,94.69,113.48,44.81,73.43,38.68,67.28,75.54,24.29,63.51,79.86,90.05,64.82,107.41,27.09,76.55,51.82,91.48,34.75,100.21,68.04,92.78,36.03,53.52,23.24,122.74,73.42,60.78,72.31,75.59,85.4,57.92,26.73,92.28,107.59,79.45,36.54,53.09,76.21,36.71,23.28,97.38,93.29,35.01,70.46,53.85,22.59,29.16,37.66,91.46,37.78,26.41,99.45,123.89,73.41,28.77,47.94,103.45,62.77,24.33,72.89
60.64,111.31,82.72,70.08,78.79,42.05,26.1,33.91,100.85,39.96,70.43,76.73,55.08,66.06,89.82,27.57,78.24,46.95,41.4,51.32,57.9,100.07,76.66,36.99,55.8,57.15,43.75,84.09,85.23,28.81,77.36,73.2,54.11,82.48,79.93,25.36,89.82,31.56,23.78,82.08,39.43,70.4,97.8,53.35,40.57,32.51,75.2,62.93,73.11,31.37,85.19,92.89,29.21,29.55,40.38,52.19,44.02,65.51,69.38,50.69,40.1,105.41,75.15,107.71,25.06,75.65,86.52,23.25,108.81,88.82,100.81,47.21,65.45,70.53,93.45,94.27,39,96.34,106.95,38.94,81.69,30.23,59.89,68.98,43.85,109.9,100.26,84.7,70.73,44.71,59.03,119.92,36.1,92.72,52.58,66.43,91.11,23.06,94.74,42.37,45.72,32.12,25.52,99.25,67.33,30.47,105.2,73.21,85.56,50.48,30.18,91.31,68.15,93.24,23.8,44.23,84.48,18.71,46.95,17.34,81.27,31.57,53.18,23.33,30.85,71.89,96.53,65.78,74.58,67.39,58.19,47.61,79.67,41.7,55.52,43.9,55.52,44.92,81.83,81.54,95.2,92.09,73.7,35.01,65.79,89.81,60.08,40.21,47.04,67.11,36.34,83.78,45.04,64.22,105.34,28.29,74.29,98.06,22.71,90.48,83.39,67.46,29.47,38.56,87.05,73.62,101.06,100,52.24,47.45,79.11,61.46,66.3,41.65,60.85,86.4,97.96,23.93,94.33,56.03,60.24,79.23,84.6,58.69,98.45,77.74,47.53,59.22,84.79,17.1,26.2,85.35,29.33,41.82,64.04,23.01,94.13,23.28,94.24,48.91,30.03,73.29,97.76,32.95,54.88,76.12,46.64,31.57,46.05,107.62,76.26,79.38,71.64,37.27,84.29,41.78,68.35,74.52,75.78,33.47,73.06,60.49,39.42,25.49,108.48,74.2,54.99,96.11,65.1,25.36,96.1,23.71,104.63,43.85,67.59,26.49,54.64,33.38,31.67,56.1,87.67,94.37,50.75,63.74,48.82,83.19,96.15,24.95,73.92,77.33,91.74,77.25,84.4,25.64,59.03,47.08,78,37.45,91.83,87.42,89.89,38.18,66.2,21.71,110.35,69.89,74.17,75.79,62.3,72.85,55.22,30.15,65.79,87.98,71.15,38.33,61.27,58.26,25.41,23.36,89,68.97,38.48,59.83,43.52,26.75,19.77,39.3,99.53,31.22,31.94,86.54,102.41,76.16,36.4,30.8,81.33,61.53,22.04,67.06
72.36,78.23,89.47,62.71,61.55,49.8,27.04,30.05,108.98,53.34,73.39,93.51,55.1,54.1,90.79,26.81,71.67,50.19,50.4,60.88,48.6,103.63,96.88,36.3,56.48,67.18,51.03,65.92,78.16,41.66,99.49,69.56,57.93,107.09,69.92,23.97,67,30.02,20.47,77.24,43.55,53.14,112.98,41.69,35.02,36.71,68.98,80.08,61.67,27.12,89.17,70.18,37.93,32.73,34.13,74.13,54.43,70.72,63.85,56.33,51.21,102.58,85.86,86.54,21.43,97.82,109.08,23.06,94.87,110.1,86.43,47.11,48.26,56.23,83.09,106.08,32.49,93.25,96.39,44.25,86.9,21.33,68.39,84.56,49.74,77.29,87.99,84.16,77.65,38.21,71.14,92.65,38.95,87.1,54.97,48.43,114.75,23.27,82.47,39.6,50.91,34.39,23.13,108.55,80.5,25.27,121.33,94.7,104.02,47.19,21.9,83.77,68.92,85.66,26.26,48.48,75.77,21.11,45.59,18.86,85.07,37.12,45.82,24.31,31.01,75.96,100.19,88.12,61.47,72.93,62.2,63.59,62.3,42.2,62.14,44.15,56.8,40.62,104.08,82.6,75.41,124.81,91.51,37.75,70.68,111.93,61.49,43.22,40.32,86.16,40.79,75.04,50.8,61.53,99.24,37.26,85.91,79.54,18.6,91.78,72.66,55.71,24.8,41.42,107.38,87.47,91.19,98.11,54.38,56.79,66.3,73.5,83.29,34.46,68.87,89.44,90.17,28.97,78.6,59.19,57.8,59.64,80.47,69,103.83,62.68,56.96,63.31,114.43,21.49,23.04,74.32,27.69,43.39,59.6,25.6,125.56,27.4,89.37,38.71,36.91,81.97,68.03,32.84,46.71,92.6,52.42,34.57,56.1,78.84,88.13,101.25,97.01,28.96,89.5,58.64,83.33,72.36,88.26,28.29,70.78,75.02,35.39,26.35,117.81,80.68,55.56,76.95,94.73,27.67,84.85,21.98,93.77,43.89,65.62,32.46,48.86,43.17,25.55,41.56,99.28,80.24,50.18,80.77,40.72,68.47,84.53,24.56,78.01,92.96,74.89,77.48,71.89,26.92,83.6,43.54,70.94,28.86,90.54,70.46,65.99,38.4,80.43,20.17,79.61,78.66,72.56,77.58,78.51,75.3,44.73,31.7,84.52,83.2,53.83,36.62,51.3,67.47,26.1,27.27,95.59,69.43,32.61,67.02,43.39,23.13,26.51,39.52,105.15,33.99,30.68,94.42,96.39,79.57,34.36,44.69,71.12,62.2,25.31,60.1
66.34,103.5,111.18,56.46,87.58,52.35,26.75,31.13,121.51,41.53,75.04,109.38,58.97,65.73,65.89,29.18,93.37,54.7,48.01,62.12,44.13,100.98,74.66,38.15,55.06,55.73,39.25,92.89,70.02,32.79,81.44,87.14,59.78,88.7,62.68,25.8,99.51,34.55,25.32,79.19,39.11,52.07,109.27,37.29,39.39,32.56,77.96,82.19,81.37,33.25,94.72,88.02,28.8,38.16,28.98,53.83,42.82,64.09,69.89,49.31,55.09,107.81,106.23,97.64,29.05,105.4,83.26,19.98,101.37,111,106.5,53.64,53.16,65.32,64.77,102.23,38.58,90.13,114.02,53.58,88.65,31.79,70.9,90.16,52.14,124.68,89.08,62.61,76.54,45.78,78.27,107.78,37.25,113.58,57.46,56.86,93.15,18.36,87.17,34.96,53.78,41.66,25.14,113.71,81.64,31.1,84.45,99.23,93.6,40.31,24.15,113,63.62,87.34,29.06,42.95,104.26,21.19,35.4,21.07,70.38,30.37,58.81,21.54,25.97,78.3,109.75,88.45,79.06,80.53,69.71,63.52,82.32,40.95,69.64,55.62,65.55,40.96,90,105,96.24,91.68,75.02,40.27,79.26,78.84,65,31.94,59.08,73.46,46.74,92.76,46.4,73.73,120.17,28.19,95.79,73.58,23.71,86.4,64.71,74.67,31.1,42.65,95.49,66.75,78.32,82.4,61.05,49.34,60.55,62.31,80.88,33.56,62.57,75.63,87.48,30.88,88.36,49.96,48.62,75.19,69.08,66.12,97.77,59.8,55.05,77.08,103.8,25.98,26.43,83.44,29.73,39.42,56.74,29.89,112.86,18.91,75.27,50.79,27.64,89.34,71.81,34.23,45.5,97.9,48.95,40.27,41.34,95.37,102.54,83.86,74.76,40.02,87.06,46.9,88.41,91.05,102.3,32.56,62.34,85.76,35.05,26.11,102.24,95.88,47.36,83.6,73.78,23.54,121.83,28.71,92.53,44.59,78.67,32.17,42.31,36.17,31.86,58.98,76.33,91.95,40.63,66.96,51.05,68.59,87.43,23.66,62.84,85.95,89.64,64.97,89.53,32,73.94,44.88,84.25,33.65,77.19,78.2,80.78,38.87,86.05,19.31,117.06,73.19,73.8,64.59,71.58,71.49,55.81,26.06,72.47,125.71,56.22,33.9,59.94,73.47,27.97,19.77,100.8,77.95,29.31,84.13,55.39,28.41,19.42,54.44,113.09,32.6,31.97,90.44,95.8,59.55,28.64,30.83,75.49,47.25,19.78,69.9
